topic,total_messages,raw_total_bytes,raw_bytes_per_msg,comp_no_dict_total_bytes,comp_no_dict_per_msg,comp_global_total_bytes,comp_global_per_msg,comp_topic_total_bytes,comp_topic_per_msg,comp_no_dict_ratio,comp_global_ratio,comp_topic_ratio
txt,100,11485,114.85,2840,28.4,1836,18.36,1836,18.36,0.24727905964301264,0.15986068785372223,0.15986068785372223
csv,100,11478,114.78,2851,28.51,2812,28.12,1841,18.41,0.2483882209444154,0.2449904164488587,0.1603937968287158
json,100,11785,117.85,2858,28.58,2813,28.13,1865,18.65,0.24251166737378022,0.23869325413661435,0.15825201527365296
